Opening ID,Role,Location,Recruiter,Target Open Date,Target Start Date,Actual Open Date,Offer Accepted Date,Actual Start Date,employee ID of hired guy
1,Administration,US,Bilbo,11/20/2014,2/18/2015,11/23/2014,12/25/2014,1/7/2015,1
2,Administration,US,Jerry,11/18/2014,2/16/2015,11/23/2014,12/14/2014,12/21/2014,2
3,Administration,US,Gandalf,11/30/2014,2/28/2015,12/6/2014,2/10/2015,2/20/2015,3
4,Administration,US,Thorin Oakenshield,10/4/2014,1/2/2015,10/4/2014,12/23/2014,12/30/2014,4
5,Administration,US,Shamus,10/13/2014,1/11/2015,10/22/2014,11/19/2014,11/28/2014,5
6,Administration,US,Balin,12/2/2014,3/2/2015,12/8/2014,2/12/2015,2/22/2015,6
7,Administration,US,Bilbo,4/13/2015,7/12/2015,4/28/2015,,,
8,Administration,US,Elrond,5/10/2015,8/8/2015,5/14/2015,,,
9,Administration,US,Jerry,5/26/2015,8/24/2015,,,,
10,Administration,US,Thorin Oakenshield,4/19/2015,7/18/2015,4/20/2015,,,
11,Administration,US,Balin,4/8/2015,7/7/2015,4/19/2015,,,
12,Administration,US,Smaug,4/29/2015,7/28/2015,5/11/2015,,,
13,Administration,US,Balin,6/2/2015,8/31/2015,,,,
14,Administration,US,Bill,4/2/2015,7/1/2015,4/2/2015,5/7/2015,5/19/2015,7
15,Administration,US,Smaug,2/9/2015,5/10/2015,2/22/2015,4/19/2015,4/29/2015,8
16,Administration,US,Bilbo,3/18/2015,6/16/2015,4/2/2015,5/3/2015,5/16/2015,9
17,Administration,US,Bifur,3/20/2015,6/18/2015,4/6/2015,4/23/2015,5/4/2015,10
18,Administration,US,Elrond,2/1/2015,5/2/2015,2/1/2015,3/15/2015,3/26/2015,11
19,Administration,US,Balin,3/10/2015,6/8/2015,3/20/2015,4/6/2015,4/17/2015,12
20,Administration,US,Smaug,3/7/2015,6/5/2015,3/18/2015,,,
21,Administration,US,Shamus,3/1/2015,5/30/2015,3/11/2015,4/15/2015,4/28/2015,13
22,Administration,US,Balin,2/27/2015,5/28/2015,2/27/2015,4/21/2015,5/4/2015,14
23,Administration,US,Jerry,7/17/2015,10/15/2015,,,,
24,Administration,US,Jerry,9/12/2015,12/11/2015,,,,
25,Administration,US,Elrond,9/13/2015,12/12/2015,,,,
26,Administration,US,Thorin Oakenshield,8/30/2015,11/28/2015,,,,
27,Administration,US,Bilbo,7/7/2015,10/5/2015,,,,
28,Administration,US,Thorin Oakenshield,8/25/2015,11/23/2015,,,,
29,Administration,US,Gandalf,7/16/2015,10/14/2015,,,,
30,Administration,US,Smaug,8/26/2015,11/24/2015,,,,
31,Administration,US,Elrond,7/25/2015,10/23/2015,,,,
32,Administration,US,Jerry,7/17/2015,10/15/2015,,,,
33,Administration,US,Shamus,8/28/2015,11/26/2015,,,,
34,Administration,DZ,Great Goblin,11/15/2014,2/13/2015,11/30/2014,12/12/2014,12/24/2014,15
35,Administration,DZ,Thorin Oakenshield,11/1/2014,1/30/2015,11/20/2014,1/24/2015,1/31/2015,16
36,Administration,DZ,Shamus,10/20/2014,1/18/2015,11/8/2014,12/29/2014,1/7/2015,17
37,Administration,DZ,Elrond,10/4/2014,1/2/2015,10/11/2014,12/8/2014,12/22/2014,18
38,Administration,DZ,Shamus,11/28/2014,2/26/2015,12/18/2014,2/23/2015,3/4/2015,19
39,Administration,DZ,Shamus,10/26/2014,1/24/2015,11/6/2014,1/15/2015,1/28/2015,20
40,Administration,DZ,Balin,5/26/2015,8/24/2015,,,,
41,Administration,DZ,Bifur,5/21/2015,8/19/2015,,,,
42,Administration,DZ,Shamus,6/16/2015,9/14/2015,,,,
43,Administration,DZ,Bilbo,5/10/2015,8/8/2015,,,,
44,Administration,DZ,Bilbo,5/21/2015,8/19/2015,,,,
45,Administration,DZ,Balin,5/23/2015,8/21/2015,,,,
46,Administration,DZ,Elrond,4/3/2015,7/2/2015,4/23/2015,5/11/2015,,
47,Administration,DZ,Balin,4/28/2015,7/27/2015,5/11/2015,,,
48,Administration,DZ,Bilbo,1/17/2015,4/17/2015,1/18/2015,4/15/2015,4/24/2015,21
49,Administration,DZ,Smaug,1/18/2015,4/18/2015,2/7/2015,2/13/2015,2/27/2015,22
50,Administration,DZ,Thorin Oakenshield,3/5/2015,6/3/2015,3/8/2015,,,
51,Administration,DZ,Bifur,2/2/2015,5/3/2015,2/17/2015,3/22/2015,4/2/2015,23
52,Administration,DZ,Gandalf,1/26/2015,4/26/2015,2/4/2015,2/22/2015,3/7/2015,24
53,Administration,DZ,Gandalf,3/20/2015,6/18/2015,4/7/2015,,,
54,Administration,DZ,Elrond,2/25/2015,5/26/2015,2/28/2015,,,
55,Administration,DZ,Bifur,1/3/2015,4/3/2015,1/8/2015,4/11/2015,4/25/2015,25
56,Administration,DZ,Bilbo,8/10/2015,11/8/2015,,,,
57,Administration,DZ,Great Goblin,8/19/2015,11/17/2015,,,,
58,Administration,DZ,Bilbo,9/16/2015,12/15/2015,,,,
59,Administration,DZ,Jerry,8/7/2015,11/5/2015,,,,
60,Administration,DZ,Elrond,7/18/2015,10/16/2015,,,,
61,Administration,DZ,Jerry,9/10/2015,12/9/2015,,,,
62,Administration,DZ,Elrond,9/10/2015,12/9/2015,,,,
63,Administration,DZ,Jerry,9/9/2015,12/8/2015,,,,
64,Administration,DZ,Bill,8/1/2015,10/30/2015,,,,
65,Administration,DZ,Shamus,7/19/2015,10/17/2015,,,,
66,Administration,DZ,Balin,7/25/2015,10/23/2015,,,,
67,Administration,GF,Gandalf,10/20/2014,1/18/2015,10/31/2014,1/7/2015,1/20/2015,26
68,Administration,GF,Balin,12/5/2014,3/5/2015,12/12/2014,3/7/2015,3/16/2015,27
69,Administration,GF,Thorin Oakenshield,12/1/2014,3/1/2015,12/14/2014,2/6/2015,2/18/2015,28
70,Administration,GF,Balin,11/10/2014,2/8/2015,11/15/2014,1/21/2015,2/2/2015,29
71,Administration,GF,Jerry,11/8/2014,2/6/2015,11/11/2014,1/15/2015,1/28/2015,30
72,Administration,GF,Gandalf,11/19/2014,2/17/2015,12/7/2014,12/29/2014,1/12/2015,31
73,Administration,GF,Bill,4/8/2015,7/7/2015,4/15/2015,,,
74,Administration,GF,Smaug,5/2/2015,7/31/2015,5/19/2015,,,
75,Administration,GF,Bilbo,5/4/2015,8/2/2015,5/7/2015,,,
76,Administration,GF,Jerry,4/26/2015,7/25/2015,4/28/2015,,,
77,Administration,GF,Balin,4/10/2015,7/9/2015,4/25/2015,,,
78,Administration,GF,Balin,5/1/2015,7/30/2015,5/14/2015,,,
79,Administration,GF,Elrond,5/1/2015,7/30/2015,5/2/2015,,,
80,Administration,GF,Bifur,4/8/2015,7/7/2015,4/9/2015,,,
81,Administration,GF,Gandalf,1/17/2015,4/17/2015,1/24/2015,3/29/2015,4/9/2015,32
82,Administration,GF,Thorin Oakenshield,2/7/2015,5/8/2015,2/9/2015,4/13/2015,4/22/2015,33
83,Administration,GF,Thorin Oakenshield,3/13/2015,6/11/2015,3/16/2015,4/11/2015,4/19/2015,34
84,Administration,GF,Bill,3/15/2015,6/13/2015,3/28/2015,,,
85,Administration,GF,Jerry,3/21/2015,6/19/2015,4/8/2015,,,
86,Administration,GF,Smaug,3/12/2015,6/10/2015,3/13/2015,,,
87,Administration,GF,Balin,2/28/2015,5/29/2015,2/28/2015,5/18/2015,,
88,Administration,GF,Elrond,1/20/2015,4/20/2015,1/30/2015,2/12/2015,2/24/2015,35
89,Administration,GF,Elrond,2/27/2015,5/28/2015,3/2/2015,4/28/2015,5/8/2015,36
90,Administration,GF,Jerry,7/10/2015,10/8/2015,,,,
91,Administration,GF,Elrond,9/19/2015,12/18/2015,,,,
92,Administration,GF,Bilbo,9/15/2015,12/14/2015,,,,
93,Administration,GF,Bilbo,7/25/2015,10/23/2015,,,,
94,Administration,GF,Elrond,8/20/2015,11/18/2015,,,,
95,Administration,GF,Smaug,7/18/2015,10/16/2015,,,,
96,Administration,GF,Bilbo,7/18/2015,10/16/2015,,,,
97,Administration,GF,Jerry,8/21/2015,11/19/2015,,,,
98,Administration,GF,Smaug,8/17/2015,11/15/2015,,,,
99,Administration,GF,Bifur,8/1/2015,10/30/2015,,,,
100,Administration,GF,Bifur,9/12/2015,12/11/2015,,,,
101,Sales,US,Balin,10/18/2014,1/16/2015,11/2/2014,1/28/2015,2/7/2015,37
102,Sales,US,Balin,12/10/2014,3/10/2015,12/26/2014,1/29/2015,2/9/2015,38
103,Sales,US,Gandalf,12/10/2014,3/10/2015,12/21/2014,1/25/2015,2/8/2015,39
104,Sales,US,Jerry,10/29/2014,1/27/2015,11/8/2014,1/24/2015,2/7/2015,40
105,Sales,US,Bilbo,10/31/2014,1/29/2015,11/19/2014,12/17/2014,12/28/2014,41
106,Sales,US,Bilbo,11/10/2014,2/8/2015,11/25/2014,2/22/2015,3/7/2015,42
107,Sales,US,Bifur,11/12/2014,2/10/2015,11/16/2014,12/28/2014,1/10/2015,43
108,Sales,US,Shamus,10/25/2014,1/23/2015,11/14/2014,1/15/2015,1/29/2015,44
109,Sales,US,Shamus,11/12/2014,2/10/2015,11/28/2014,1/25/2015,2/1/2015,45
110,Sales,US,Great Goblin,10/14/2014,1/12/2015,10/22/2014,12/4/2014,12/15/2014,46
111,Sales,US,Elrond,10/15/2014,1/13/2015,10/28/2014,12/18/2014,12/26/2014,47
112,Sales,US,Thorin Oakenshield,11/13/2014,2/11/2015,11/21/2014,2/11/2015,2/23/2015,48
113,Sales,US,Jerry,5/8/2015,8/6/2015,,,,
114,Sales,US,Bilbo,4/17/2015,7/16/2015,5/3/2015,,,
115,Sales,US,Shamus,6/11/2015,9/9/2015,,,,
116,Sales,US,Gandalf,6/15/2015,9/13/2015,,,,
117,Sales,US,Bifur,6/5/2015,9/3/2015,,,,
118,Sales,US,Bill,5/21/2015,8/19/2015,,,,
119,Sales,US,Jerry,6/20/2015,9/18/2015,,,,
120,Sales,US,Gandalf,6/16/2015,9/14/2015,,,,
121,Sales,US,Bill,4/30/2015,7/29/2015,5/11/2015,,,
122,Sales,US,Bill,5/15/2015,8/13/2015,,,,
123,Sales,US,Elrond,4/20/2015,7/19/2015,4/24/2015,,,
124,Sales,US,Bilbo,5/2/2015,7/31/2015,,,,
125,Sales,US,Bill,4/13/2015,7/12/2015,5/2/2015,,,
126,Sales,US,Jerry,5/22/2015,8/20/2015,,,,
127,Sales,US,Elrond,5/3/2015,8/1/2015,5/14/2015,,,
128,Sales,US,Balin,1/24/2015,4/24/2015,2/8/2015,3/6/2015,3/15/2015,49
129,Sales,US,Jerry,3/21/2015,6/19/2015,4/1/2015,4/30/2015,5/12/2015,50
130,Sales,US,Smaug,3/16/2015,6/14/2015,3/30/2015,5/5/2015,5/12/2015,51
131,Sales,US,Bilbo,2/7/2015,5/8/2015,2/27/2015,3/27/2015,4/3/2015,52
132,Sales,US,Bilbo,2/26/2015,5/27/2015,3/4/2015,5/18/2015,,
133,Sales,US,Gandalf,1/30/2015,4/30/2015,2/10/2015,2/15/2015,3/1/2015,53
134,Sales,US,Elrond,1/18/2015,4/18/2015,1/29/2015,4/9/2015,4/21/2015,54
135,Sales,US,Bilbo,2/10/2015,5/11/2015,3/2/2015,4/27/2015,5/4/2015,55
136,Sales,US,Bilbo,1/11/2015,4/11/2015,1/30/2015,3/7/2015,3/20/2015,56
137,Sales,US,Elrond,1/4/2015,4/4/2015,1/14/2015,3/1/2015,3/10/2015,57
138,Sales,US,Elrond,1/12/2015,4/12/2015,1/24/2015,3/6/2015,3/16/2015,58
139,Sales,US,Gandalf,1/23/2015,4/23/2015,1/23/2015,3/9/2015,3/18/2015,59
140,Sales,US,Smaug,3/14/2015,6/12/2015,4/2/2015,4/20/2015,4/30/2015,60
141,Sales,US,Bilbo,2/18/2015,5/19/2015,3/8/2015,5/15/2015,,
142,Sales,US,Bill,3/2/2015,5/31/2015,3/18/2015,5/16/2015,,
143,Sales,US,Great Goblin,2/21/2015,5/22/2015,3/7/2015,4/1/2015,4/10/2015,61
144,Sales,US,Balin,2/10/2015,5/11/2015,3/1/2015,5/8/2015,5/16/2015,62
145,Sales,US,Elrond,2/15/2015,5/16/2015,2/19/2015,5/12/2015,,
146,Sales,US,Bill,7/28/2015,10/26/2015,,,,
147,Sales,US,Bifur,7/31/2015,10/29/2015,,,,
148,Sales,US,Bifur,9/2/2015,12/1/2015,,,,
149,Sales,US,Jerry,7/27/2015,10/25/2015,,,,
150,Sales,US,Balin,8/27/2015,11/25/2015,,,,
151,Sales,US,Smaug,8/2/2015,10/31/2015,,,,
152,Sales,US,Balin,7/22/2015,10/20/2015,,,,
153,Sales,US,Balin,8/6/2015,11/4/2015,,,,
154,Sales,US,Bilbo,9/16/2015,12/15/2015,,,,
155,Sales,US,Bilbo,7/3/2015,10/1/2015,,,,
156,Sales,US,Gandalf,7/5/2015,10/3/2015,,,,
157,Sales,US,Balin,7/24/2015,10/22/2015,,,,
158,Sales,US,Elrond,7/29/2015,10/27/2015,,,,
159,Sales,US,Smaug,8/12/2015,11/10/2015,,,,
160,Sales,US,Smaug,7/3/2015,10/1/2015,,,,
161,Sales,US,Great Goblin,7/14/2015,10/12/2015,,,,
162,Sales,US,Balin,9/3/2015,12/2/2015,,,,
163,Sales,US,Smaug,9/19/2015,12/18/2015,,,,
164,Sales,US,Bifur,7/7/2015,10/5/2015,,,,
165,Sales,US,Bill,8/17/2015,11/15/2015,,,,
166,Sales,US,Balin,8/14/2015,11/12/2015,,,,
167,Sales,DZ,Bill,12/9/2014,3/9/2015,12/15/2014,1/24/2015,1/31/2015,63
168,Sales,DZ,Balin,11/7/2014,2/5/2015,11/12/2014,1/6/2015,1/18/2015,64
169,Sales,DZ,Great Goblin,10/20/2014,1/18/2015,10/29/2014,12/3/2014,12/15/2014,65
170,Sales,DZ,Gandalf,11/13/2014,2/11/2015,12/3/2014,2/18/2015,3/2/2015,66
171,Sales,DZ,Bill,11/24/2014,2/22/2015,11/29/2014,1/30/2015,2/6/2015,67
172,Sales,DZ,Gandalf,11/17/2014,2/15/2015,11/29/2014,12/23/2014,1/4/2015,68
173,Sales,DZ,Smaug,12/19/2014,3/19/2015,12/29/2014,1/18/2015,2/1/2015,69
174,Sales,DZ,Elrond,11/2/2014,1/31/2015,11/22/2014,1/17/2015,1/29/2015,70
175,Sales,DZ,Gandalf,11/1/2014,1/30/2015,11/19/2014,12/23/2014,12/31/2014,71
176,Sales,DZ,Bilbo,12/6/2014,3/6/2015,12/20/2014,2/26/2015,3/6/2015,72
177,Sales,DZ,Gandalf,12/20/2014,3/20/2015,1/9/2015,2/17/2015,2/26/2015,73
178,Sales,DZ,Shamus,11/15/2014,2/13/2015,11/18/2014,12/18/2014,12/27/2014,74
179,Sales,DZ,Shamus,4/8/2015,7/7/2015,4/10/2015,,,
180,Sales,DZ,Smaug,4/27/2015,7/26/2015,5/9/2015,,,
181,Sales,DZ,Elrond,5/27/2015,8/25/2015,,,,
182,Sales,DZ,Thorin Oakenshield,4/10/2015,7/9/2015,4/15/2015,5/17/2015,,
183,Sales,DZ,Thorin Oakenshield,4/22/2015,7/21/2015,5/8/2015,5/18/2015,,
184,Sales,DZ,Bill,5/20/2015,8/18/2015,,,,
185,Sales,DZ,Elrond,5/3/2015,8/1/2015,5/10/2015,5/18/2015,,
186,Sales,DZ,Jerry,4/4/2015,7/3/2015,4/11/2015,,,
187,Sales,DZ,Bilbo,4/17/2015,7/16/2015,4/25/2015,,,
188,Sales,DZ,Thorin Oakenshield,4/15/2015,7/14/2015,4/25/2015,,,
189,Sales,DZ,Smaug,5/2/2015,7/31/2015,5/14/2015,,,
190,Sales,DZ,Bilbo,6/20/2015,9/18/2015,,,,
191,Sales,DZ,Jerry,6/12/2015,9/10/2015,,,,
192,Sales,DZ,Thorin Oakenshield,5/8/2015,8/6/2015,5/13/2015,,,
193,Sales,DZ,Jerry,4/3/2015,7/2/2015,4/9/2015,,,
194,Sales,DZ,Elrond,2/28/2015,5/29/2015,3/8/2015,3/27/2015,4/9/2015,75
195,Sales,DZ,Bifur,3/9/2015,6/7/2015,3/15/2015,,,
196,Sales,DZ,Great Goblin,1/16/2015,4/16/2015,1/23/2015,3/5/2015,3/17/2015,76
197,Sales,DZ,Thorin Oakenshield,3/16/2015,6/14/2015,3/19/2015,,,
198,Sales,DZ,Bifur,3/5/2015,6/3/2015,3/15/2015,4/16/2015,4/30/2015,77
199,Sales,DZ,Bilbo,2/3/2015,5/4/2015,2/4/2015,3/29/2015,4/12/2015,78
200,Sales,DZ,Balin,1/23/2015,4/23/2015,2/2/2015,3/19/2015,4/1/2015,79
201,Sales,DZ,Great Goblin,2/28/2015,5/29/2015,3/9/2015,5/14/2015,,
202,Sales,DZ,Elrond,2/22/2015,5/23/2015,2/28/2015,3/14/2015,3/23/2015,80
203,Sales,DZ,Jerry,2/19/2015,5/20/2015,2/19/2015,4/23/2015,5/1/2015,81
204,Sales,DZ,Balin,2/13/2015,5/14/2015,3/2/2015,4/13/2015,4/26/2015,82
205,Sales,DZ,Smaug,2/26/2015,5/27/2015,3/17/2015,4/23/2015,5/6/2015,83
206,Sales,DZ,Bill,1/10/2015,4/10/2015,1/30/2015,3/29/2015,4/8/2015,84
207,Sales,DZ,Jerry,2/8/2015,5/9/2015,2/17/2015,5/15/2015,,
208,Sales,DZ,Bill,3/2/2015,5/31/2015,3/17/2015,,,
209,Sales,DZ,Smaug,2/13/2015,5/14/2015,2/19/2015,4/13/2015,4/26/2015,85
210,Sales,DZ,Thorin Oakenshield,2/28/2015,5/29/2015,3/4/2015,5/11/2015,5/20/2015,86
211,Sales,DZ,Bifur,1/8/2015,4/8/2015,1/22/2015,2/22/2015,3/8/2015,87
212,Sales,DZ,Smaug,8/15/2015,11/13/2015,,,,
213,Sales,DZ,Great Goblin,7/27/2015,10/25/2015,,,,
214,Sales,DZ,Smaug,7/29/2015,10/27/2015,,,,
215,Sales,DZ,Smaug,8/4/2015,11/2/2015,,,,
216,Sales,DZ,Smaug,8/15/2015,11/13/2015,,,,
217,Sales,DZ,Jerry,7/4/2015,10/2/2015,,,,
218,Sales,DZ,Elrond,8/7/2015,11/5/2015,,,,
219,Sales,DZ,Smaug,8/30/2015,11/28/2015,,,,
220,Sales,DZ,Bifur,8/2/2015,10/31/2015,,,,
221,Sales,DZ,Shamus,7/6/2015,10/4/2015,,,,
222,Sales,DZ,Great Goblin,8/2/2015,10/31/2015,,,,
223,Sales,DZ,Great Goblin,8/9/2015,11/7/2015,,,,
224,Sales,DZ,Great Goblin,8/2/2015,10/31/2015,,,,
225,Sales,DZ,Bill,8/21/2015,11/19/2015,,,,
226,Sales,DZ,Bifur,8/26/2015,11/24/2015,,,,
227,Sales,DZ,Elrond,9/6/2015,12/5/2015,,,,
228,Sales,DZ,Bill,9/2/2015,12/1/2015,,,,
229,Sales,DZ,Bifur,7/8/2015,10/6/2015,,,,
230,Sales,DZ,Smaug,9/5/2015,12/4/2015,,,,
231,Sales,DZ,Elrond,7/31/2015,10/29/2015,,,,
232,Sales,DZ,Bifur,7/26/2015,10/24/2015,,,,
233,Sales,GF,Elrond,11/11/2014,2/9/2015,11/30/2014,12/27/2014,1/10/2015,88
234,Sales,GF,Thorin Oakenshield,11/13/2014,2/11/2015,11/28/2014,2/13/2015,2/24/2015,89
235,Sales,GF,Elrond,12/9/2014,3/9/2015,12/20/2014,3/7/2015,3/20/2015,90
236,Sales,GF,Shamus,10/20/2014,1/18/2015,11/5/2014,12/31/2014,1/8/2015,91
237,Sales,GF,Gandalf,12/4/2014,3/4/2015,12/6/2014,3/11/2015,3/22/2015,92
238,Sales,GF,Thorin Oakenshield,11/4/2014,2/2/2015,11/11/2014,12/7/2014,12/17/2014,93
239,Sales,GF,Bifur,12/4/2014,3/4/2015,12/6/2014,1/20/2015,1/30/2015,94
240,Sales,GF,Bill,11/23/2014,2/21/2015,11/23/2014,2/19/2015,2/27/2015,95
241,Sales,GF,Elrond,10/17/2014,1/15/2015,11/5/2014,12/13/2014,12/20/2014,96
242,Sales,GF,Great Goblin,12/7/2014,3/7/2015,12/27/2014,2/26/2015,3/7/2015,97
243,Sales,GF,Great Goblin,12/1/2014,3/1/2015,12/6/2014,3/4/2015,3/15/2015,98
244,Sales,GF,Smaug,12/3/2014,3/3/2015,12/6/2014,3/4/2015,3/13/2015,99
245,Sales,GF,Bifur,12/13/2014,3/13/2015,12/16/2014,1/18/2015,1/25/2015,100
246,Sales,GF,Elrond,4/19/2015,7/18/2015,4/23/2015,,,
247,Sales,GF,Thorin Oakenshield,5/22/2015,8/20/2015,,,,
248,Sales,GF,Balin,4/14/2015,7/13/2015,5/3/2015,,,
249,Sales,GF,Bilbo,5/10/2015,8/8/2015,,,,
250,Sales,GF,Bilbo,5/12/2015,8/10/2015,5/17/2015,,,
251,Sales,GF,Elrond,5/8/2015,8/6/2015,,,,
252,Sales,GF,Bifur,5/20/2015,8/18/2015,,,,
253,Sales,GF,Gandalf,4/29/2015,7/28/2015,5/14/2015,,,
254,Sales,GF,Smaug,6/2/2015,8/31/2015,,,,
255,Sales,GF,Smaug,4/5/2015,7/4/2015,4/15/2015,,,
256,Sales,GF,Gandalf,4/21/2015,7/20/2015,5/1/2015,,,
257,Sales,GF,Elrond,6/11/2015,9/9/2015,,,,
258,Sales,GF,Shamus,4/7/2015,7/6/2015,4/16/2015,5/11/2015,,
259,Sales,GF,Great Goblin,5/13/2015,8/11/2015,,,,
260,Sales,GF,Bilbo,5/19/2015,8/17/2015,,,,
261,Sales,GF,Bilbo,1/18/2015,4/18/2015,1/23/2015,4/18/2015,4/30/2015,101
262,Sales,GF,Balin,2/27/2015,5/28/2015,3/11/2015,5/7/2015,5/20/2015,102
263,Sales,GF,Balin,3/20/2015,6/18/2015,3/29/2015,,,
264,Sales,GF,Bifur,1/10/2015,4/10/2015,1/23/2015,4/2/2015,4/15/2015,103
265,Sales,GF,Bifur,2/7/2015,5/8/2015,2/26/2015,5/3/2015,5/12/2015,104
266,Sales,GF,Shamus,1/29/2015,4/29/2015,2/1/2015,3/18/2015,3/25/2015,105
267,Sales,GF,Balin,3/21/2015,6/19/2015,4/1/2015,5/20/2015,,
268,Sales,GF,Thorin Oakenshield,1/29/2015,4/29/2015,2/18/2015,3/28/2015,4/11/2015,106
269,Sales,GF,Gandalf,2/17/2015,5/18/2015,2/27/2015,5/14/2015,,
270,Sales,GF,Smaug,1/31/2015,5/1/2015,2/2/2015,3/13/2015,3/27/2015,107
271,Sales,GF,Jerry,1/10/2015,4/10/2015,1/22/2015,4/21/2015,5/1/2015,108
272,Sales,GF,Balin,2/23/2015,5/24/2015,2/23/2015,5/5/2015,5/12/2015,109
273,Sales,GF,Balin,2/20/2015,5/21/2015,3/4/2015,4/24/2015,5/3/2015,110
274,Sales,GF,Great Goblin,2/23/2015,5/24/2015,2/27/2015,,,
275,Sales,GF,Smaug,3/2/2015,5/31/2015,3/13/2015,4/6/2015,4/15/2015,111
276,Sales,GF,Great Goblin,2/22/2015,5/23/2015,3/1/2015,4/15/2015,4/22/2015,112
277,Sales,GF,Bill,2/2/2015,5/3/2015,2/2/2015,3/6/2015,3/19/2015,113
278,Sales,GF,Bifur,1/2/2015,4/2/2015,1/20/2015,3/29/2015,4/9/2015,114
279,Sales,GF,Thorin Oakenshield,7/7/2015,10/5/2015,,,,
280,Sales,GF,Thorin Oakenshield,9/19/2015,12/18/2015,,,,
281,Sales,GF,Great Goblin,7/9/2015,10/7/2015,,,,
282,Sales,GF,Bifur,7/9/2015,10/7/2015,,,,
283,Sales,GF,Bilbo,9/20/2015,12/19/2015,,,,
284,Sales,GF,Balin,8/31/2015,11/29/2015,,,,
285,Sales,GF,Balin,9/11/2015,12/10/2015,,,,
286,Sales,GF,Great Goblin,9/12/2015,12/11/2015,,,,
287,Sales,GF,Thorin Oakenshield,8/24/2015,11/22/2015,,,,
288,Sales,GF,Bilbo,7/20/2015,10/18/2015,,,,
289,Sales,GF,Bifur,9/21/2015,12/20/2015,,,,
290,Sales,GF,Bifur,7/17/2015,10/15/2015,,,,
291,Sales,GF,Bilbo,8/11/2015,11/9/2015,,,,
292,Sales,GF,Smaug,7/21/2015,10/19/2015,,,,
293,Sales,GF,Bill,8/29/2015,11/27/2015,,,,
294,Sales,GF,Gandalf,9/3/2015,12/2/2015,,,,
295,Sales,GF,Jerry,8/17/2015,11/15/2015,,,,
296,Sales,GF,Jerry,7/26/2015,10/24/2015,,,,
297,Sales,GF,Jerry,9/19/2015,12/18/2015,,,,
298,Sales,GF,Shamus,7/6/2015,10/4/2015,,,,
299,Sales,GF,Bifur,7/30/2015,10/28/2015,,,,
300,Product,US,Bifur,12/9/2014,3/9/2015,12/21/2014,2/27/2015,3/11/2015,115
301,Product,US,Shamus,11/25/2014,2/23/2015,11/27/2014,1/1/2015,1/10/2015,116
302,Product,US,Bifur,10/28/2014,1/26/2015,11/12/2014,2/2/2015,2/13/2015,117
303,Product,US,Bilbo,11/25/2014,2/23/2015,12/6/2014,3/1/2015,3/15/2015,118
304,Product,US,Gandalf,12/9/2014,3/9/2015,12/24/2014,1/29/2015,2/8/2015,119
305,Product,US,Bilbo,11/19/2014,2/17/2015,11/22/2014,2/3/2015,2/10/2015,120
306,Product,US,Balin,12/2/2014,3/2/2015,12/16/2014,1/31/2015,2/14/2015,121
307,Product,US,Gandalf,11/12/2014,2/10/2015,11/21/2014,2/1/2015,2/15/2015,122
308,Product,US,Thorin Oakenshield,10/11/2014,1/9/2015,10/24/2014,11/7/2014,11/18/2014,123
309,Product,US,Bilbo,10/24/2014,1/22/2015,11/5/2014,1/1/2015,1/12/2015,124
310,Product,US,Bill,10/7/2014,1/5/2015,10/9/2014,11/28/2014,12/11/2014,125
311,Product,US,Bilbo,11/1/2014,1/30/2015,11/10/2014,1/25/2015,2/6/2015,126
312,Product,US,Jerry,4/16/2015,7/15/2015,4/29/2015,,,
313,Product,US,Gandalf,6/13/2015,9/11/2015,,,,
314,Product,US,Smaug,4/3/2015,7/2/2015,4/20/2015,5/12/2015,,
315,Product,US,Bifur,6/13/2015,9/11/2015,,,,
316,Product,US,Balin,4/16/2015,7/15/2015,4/23/2015,,,
317,Product,US,Great Goblin,4/12/2015,7/11/2015,5/2/2015,,,
318,Product,US,Shamus,6/9/2015,9/7/2015,,,,
319,Product,US,Thorin Oakenshield,4/17/2015,7/16/2015,4/20/2015,,,
320,Product,US,Bilbo,6/9/2015,9/7/2015,,,,
321,Product,US,Bilbo,6/20/2015,9/18/2015,,,,
322,Product,US,Great Goblin,5/3/2015,8/1/2015,5/4/2015,,,
323,Product,US,Bill,4/29/2015,7/28/2015,5/10/2015,,,
324,Product,US,Thorin Oakenshield,5/5/2015,8/3/2015,5/19/2015,,,
325,Product,US,Balin,4/26/2015,7/25/2015,5/5/2015,,,
326,Product,US,Smaug,6/20/2015,9/18/2015,,,,
327,Product,US,Gandalf,2/8/2015,5/9/2015,2/22/2015,4/9/2015,4/20/2015,127
328,Product,US,Great Goblin,3/13/2015,6/11/2015,3/14/2015,4/29/2015,5/6/2015,128
329,Product,US,Great Goblin,1/21/2015,4/21/2015,2/8/2015,3/10/2015,3/17/2015,129
330,Product,US,Bill,1/25/2015,4/25/2015,1/31/2015,3/8/2015,3/21/2015,130
331,Product,US,Jerry,2/15/2015,5/16/2015,2/23/2015,4/29/2015,5/12/2015,131
332,Product,US,Balin,3/22/2015,6/20/2015,3/24/2015,,,
333,Product,US,Elrond,2/9/2015,5/10/2015,2/26/2015,4/1/2015,4/8/2015,132
334,Product,US,Smaug,3/18/2015,6/16/2015,3/19/2015,,,
335,Product,US,Jerry,1/12/2015,4/12/2015,1/25/2015,4/26/2015,5/5/2015,133
336,Product,US,Gandalf,1/12/2015,4/12/2015,1/29/2015,3/2/2015,3/13/2015,134
337,Product,US,Bifur,1/26/2015,4/26/2015,1/31/2015,4/13/2015,4/25/2015,135
338,Product,US,Shamus,1/16/2015,4/16/2015,1/26/2015,3/29/2015,4/8/2015,136
339,Product,US,Thorin Oakenshield,3/8/2015,6/6/2015,3/24/2015,5/20/2015,,
340,Product,US,Smaug,2/27/2015,5/28/2015,3/5/2015,3/29/2015,4/6/2015,137
341,Product,US,Bill,3/8/2015,6/6/2015,3/19/2015,,,
342,Product,US,Great Goblin,3/12/2015,6/10/2015,3/29/2015,4/17/2015,4/30/2015,138
343,Product,US,Bill,2/15/2015,5/16/2015,3/5/2015,,,
344,Product,US,Jerry,2/12/2015,5/13/2015,2/14/2015,4/17/2015,4/27/2015,139
345,Product,US,Elrond,9/11/2015,12/10/2015,,,,
346,Product,US,Jerry,8/21/2015,11/19/2015,,,,
347,Product,US,Shamus,8/11/2015,11/9/2015,,,,
348,Product,US,Shamus,8/1/2015,10/30/2015,,,,
349,Product,US,Bilbo,8/6/2015,11/4/2015,,,,
350,Product,US,Shamus,9/16/2015,12/15/2015,,,,
351,Product,US,Bilbo,7/15/2015,10/13/2015,,,,
352,Product,US,Bill,8/1/2015,10/30/2015,,,,
353,Product,US,Shamus,7/8/2015,10/6/2015,,,,
354,Product,US,Great Goblin,7/24/2015,10/22/2015,,,,
355,Product,US,Bilbo,7/8/2015,10/6/2015,,,,
356,Product,US,Jerry,9/8/2015,12/7/2015,,,,
357,Product,US,Elrond,8/27/2015,11/25/2015,,,,
358,Product,US,Bilbo,8/9/2015,11/7/2015,,,,
359,Product,US,Jerry,7/8/2015,10/6/2015,,,,
360,Product,US,Jerry,8/31/2015,11/29/2015,,,,
361,Product,US,Shamus,9/3/2015,12/2/2015,,,,
362,Product,US,Smaug,7/18/2015,10/16/2015,,,,
363,Product,US,Jerry,7/21/2015,10/19/2015,,,,
364,Product,US,Thorin Oakenshield,8/5/2015,11/3/2015,,,,
365,Product,US,Bilbo,7/27/2015,10/25/2015,,,,
366,Product,DZ,Bill,10/20/2014,1/18/2015,11/7/2014,12/26/2014,1/7/2015,140
367,Product,DZ,Great Goblin,11/22/2014,2/20/2015,12/5/2014,1/15/2015,1/26/2015,141
368,Product,DZ,Jerry,10/21/2014,1/19/2015,10/30/2014,12/12/2014,12/19/2014,142
369,Product,DZ,Great Goblin,10/8/2014,1/6/2015,10/9/2014,12/22/2014,1/4/2015,143
370,Product,DZ,Balin,11/24/2014,2/22/2015,11/28/2014,3/4/2015,3/13/2015,144
371,Product,DZ,Bill,12/9/2014,3/9/2015,12/23/2014,3/7/2015,3/17/2015,145
372,Product,DZ,Thorin Oakenshield,11/30/2014,2/28/2015,12/13/2014,1/22/2015,1/30/2015,146
373,Product,DZ,Great Goblin,11/3/2014,2/1/2015,11/17/2014,2/4/2015,2/11/2015,147
374,Product,DZ,Shamus,10/22/2014,1/20/2015,10/23/2014,1/3/2015,1/10/2015,148
375,Product,DZ,Bifur,11/29/2014,2/27/2015,12/18/2014,1/12/2015,1/19/2015,149
376,Product,DZ,Elrond,11/4/2014,2/2/2015,11/12/2014,1/9/2015,1/18/2015,150
377,Product,DZ,Jerry,12/14/2014,3/14/2015,12/23/2014,3/3/2015,3/10/2015,151
378,Product,DZ,Bifur,6/12/2015,9/10/2015,,,,
379,Product,DZ,Elrond,5/17/2015,8/15/2015,,,,
380,Product,DZ,Bill,6/8/2015,9/6/2015,,,,
381,Product,DZ,Thorin Oakenshield,5/19/2015,8/17/2015,,,,
382,Product,DZ,Bifur,6/19/2015,9/17/2015,,,,
383,Product,DZ,Bilbo,4/25/2015,7/24/2015,5/3/2015,,,
384,Product,DZ,Smaug,6/7/2015,9/5/2015,,,,
385,Product,DZ,Bill,4/27/2015,7/26/2015,4/27/2015,,,
386,Product,DZ,Elrond,4/21/2015,7/20/2015,5/10/2015,,,
387,Product,DZ,Smaug,6/14/2015,9/12/2015,,,,
388,Product,DZ,Thorin Oakenshield,5/12/2015,8/10/2015,,,,
389,Product,DZ,Balin,6/14/2015,9/12/2015,,,,
390,Product,DZ,Gandalf,5/19/2015,8/17/2015,,,,
391,Product,DZ,Thorin Oakenshield,4/5/2015,7/4/2015,4/14/2015,,,
392,Product,DZ,Bill,4/19/2015,7/18/2015,4/26/2015,,,
393,Product,DZ,Jerry,3/6/2015,6/4/2015,3/7/2015,5/17/2015,,
394,Product,DZ,Bill,3/13/2015,6/11/2015,3/18/2015,,,
395,Product,DZ,Jerry,3/7/2015,6/5/2015,3/11/2015,4/2/2015,4/13/2015,152
396,Product,DZ,Shamus,1/17/2015,4/17/2015,1/17/2015,2/19/2015,2/28/2015,153
397,Product,DZ,Elrond,3/20/2015,6/18/2015,4/6/2015,,,
398,Product,DZ,Bill,1/10/2015,4/10/2015,1/14/2015,3/23/2015,3/30/2015,154
399,Product,DZ,Elrond,2/13/2015,5/14/2015,2/28/2015,4/9/2015,4/17/2015,155
400,Product,DZ,Bill,1/16/2015,4/16/2015,1/27/2015,2/14/2015,2/21/2015,156
401,Product,DZ,Bilbo,1/24/2015,4/24/2015,2/11/2015,3/19/2015,3/30/2015,157
402,Product,DZ,Great Goblin,2/5/2015,5/6/2015,2/14/2015,3/30/2015,4/6/2015,158
403,Product,DZ,Thorin Oakenshield,1/16/2015,4/16/2015,1/27/2015,4/11/2015,4/24/2015,159
404,Product,DZ,Balin,2/12/2015,5/13/2015,2/15/2015,5/6/2015,5/17/2015,160
405,Product,DZ,Smaug,2/10/2015,5/11/2015,2/24/2015,3/10/2015,3/17/2015,161
406,Product,DZ,Shamus,1/4/2015,4/4/2015,1/14/2015,4/13/2015,4/24/2015,162
407,Product,DZ,Bill,3/14/2015,6/12/2015,3/15/2015,4/7/2015,4/15/2015,163
408,Product,DZ,Smaug,2/12/2015,5/13/2015,2/20/2015,4/17/2015,4/29/2015,164
409,Product,DZ,Thorin Oakenshield,2/3/2015,5/4/2015,2/12/2015,3/10/2015,3/18/2015,165
410,Product,DZ,Jerry,1/7/2015,4/7/2015,1/8/2015,3/9/2015,3/16/2015,166
411,Product,DZ,Smaug,8/4/2015,11/2/2015,,,,
412,Product,DZ,Balin,7/14/2015,10/12/2015,,,,
413,Product,DZ,Bill,8/13/2015,11/11/2015,,,,
414,Product,DZ,Smaug,8/14/2015,11/12/2015,,,,
415,Product,DZ,Bilbo,7/14/2015,10/12/2015,,,,
416,Product,DZ,Balin,8/16/2015,11/14/2015,,,,
417,Product,DZ,Bilbo,7/18/2015,10/16/2015,,,,
418,Product,DZ,Bill,8/25/2015,11/23/2015,,,,
419,Product,DZ,Balin,8/13/2015,11/11/2015,,,,
420,Product,DZ,Gandalf,7/6/2015,10/4/2015,,,,
421,Product,DZ,Great Goblin,8/10/2015,11/8/2015,,,,
422,Product,DZ,Smaug,8/20/2015,11/18/2015,,,,
423,Product,DZ,Jerry,9/16/2015,12/15/2015,,,,
424,Product,DZ,Thorin Oakenshield,8/31/2015,11/29/2015,,,,
425,Product,DZ,Shamus,7/16/2015,10/14/2015,,,,
426,Product,DZ,Bilbo,8/18/2015,11/16/2015,,,,
427,Product,DZ,Elrond,8/27/2015,11/25/2015,,,,
428,Product,DZ,Thorin Oakenshield,8/7/2015,11/5/2015,,,,
429,Product,DZ,Balin,9/6/2015,12/5/2015,,,,
430,Product,DZ,Gandalf,8/9/2015,11/7/2015,,,,
431,Product,DZ,Balin,7/27/2015,10/25/2015,,,,
432,Product,GF,Shamus,12/18/2014,3/18/2015,1/3/2015,3/16/2015,3/26/2015,167
433,Product,GF,Shamus,10/8/2014,1/6/2015,10/9/2014,12/26/2014,1/5/2015,168
434,Product,GF,Bill,10/18/2014,1/16/2015,10/26/2014,11/9/2014,11/18/2014,169
435,Product,GF,Bill,11/29/2014,2/27/2015,12/11/2014,2/24/2015,3/6/2015,170
436,Product,GF,Smaug,11/24/2014,2/22/2015,11/30/2014,2/15/2015,2/24/2015,171
437,Product,GF,Gandalf,12/14/2014,3/14/2015,12/21/2014,3/2/2015,3/11/2015,172
438,Product,GF,Elrond,10/23/2014,1/21/2015,11/4/2014,12/8/2014,12/22/2014,173
439,Product,GF,Thorin Oakenshield,10/11/2014,1/9/2015,10/26/2014,12/20/2014,12/28/2014,174
440,Product,GF,Smaug,10/19/2014,1/17/2015,11/4/2014,1/25/2015,2/4/2015,175
441,Product,GF,Balin,11/25/2014,2/23/2015,12/1/2014,2/5/2015,2/17/2015,176
442,Product,GF,Bill,12/21/2014,3/21/2015,12/24/2014,1/17/2015,1/25/2015,177
443,Product,GF,Gandalf,11/1/2014,1/30/2015,11/4/2014,12/20/2014,12/31/2014,178
444,Product,GF,Bill,11/12/2014,2/10/2015,11/13/2014,1/9/2015,1/16/2015,179
445,Product,GF,Smaug,6/13/2015,9/11/2015,,,,
446,Product,GF,Shamus,4/3/2015,7/2/2015,4/17/2015,,,
447,Product,GF,Balin,5/25/2015,8/23/2015,,,,
448,Product,GF,Gandalf,6/5/2015,9/3/2015,,,,
449,Product,GF,Smaug,6/10/2015,9/8/2015,,,,
450,Product,GF,Bill,4/4/2015,7/3/2015,4/10/2015,,,
451,Product,GF,Balin,4/16/2015,7/15/2015,4/23/2015,,,
452,Product,GF,Bill,4/23/2015,7/22/2015,5/3/2015,,,
453,Product,GF,Thorin Oakenshield,5/27/2015,8/25/2015,,,,
454,Product,GF,Smaug,5/11/2015,8/9/2015,5/13/2015,,,
455,Product,GF,Bifur,6/16/2015,9/14/2015,,,,
456,Product,GF,Shamus,5/22/2015,8/20/2015,,,,
457,Product,GF,Jerry,4/16/2015,7/15/2015,4/22/2015,,,
458,Product,GF,Gandalf,4/19/2015,7/18/2015,4/28/2015,,,
459,Product,GF,Great Goblin,6/16/2015,9/14/2015,,,,
460,Product,GF,Smaug,1/20/2015,4/20/2015,2/2/2015,3/27/2015,4/9/2015,180
461,Product,GF,Elrond,1/20/2015,4/20/2015,2/3/2015,3/17/2015,3/31/2015,181
462,Product,GF,Thorin Oakenshield,3/10/2015,6/8/2015,3/11/2015,,,
463,Product,GF,Great Goblin,2/12/2015,5/13/2015,2/18/2015,3/10/2015,3/21/2015,182
464,Product,GF,Balin,2/10/2015,5/11/2015,2/26/2015,3/26/2015,4/7/2015,183
465,Product,GF,Smaug,2/12/2015,5/13/2015,3/4/2015,5/8/2015,,
466,Product,GF,Gandalf,1/30/2015,4/30/2015,2/13/2015,3/3/2015,3/14/2015,184
467,Product,GF,Jerry,1/13/2015,4/13/2015,1/30/2015,3/17/2015,3/26/2015,185
468,Product,GF,Smaug,1/2/2015,4/2/2015,1/8/2015,3/31/2015,4/9/2015,186
469,Product,GF,Balin,1/26/2015,4/26/2015,2/5/2015,5/7/2015,5/16/2015,187
470,Product,GF,Gandalf,3/19/2015,6/17/2015,3/22/2015,,,
471,Product,GF,Smaug,1/5/2015,4/5/2015,1/19/2015,2/20/2015,3/4/2015,188
472,Product,GF,Balin,1/22/2015,4/22/2015,2/6/2015,4/10/2015,4/23/2015,189
473,Product,GF,Balin,1/4/2015,4/4/2015,1/15/2015,2/12/2015,2/25/2015,190
474,Product,GF,Smaug,2/3/2015,5/4/2015,2/12/2015,4/27/2015,5/10/2015,191
475,Product,GF,Balin,1/4/2015,4/4/2015,1/12/2015,4/14/2015,4/25/2015,192
476,Product,GF,Balin,3/10/2015,6/8/2015,3/15/2015,,,
477,Product,GF,Elrond,3/8/2015,6/6/2015,3/27/2015,4/15/2015,4/23/2015,193
478,Product,GF,Shamus,7/31/2015,10/29/2015,,,,
479,Product,GF,Bilbo,9/3/2015,12/2/2015,,,,
480,Product,GF,Balin,8/3/2015,11/1/2015,,,,
481,Product,GF,Balin,9/11/2015,12/10/2015,,,,
482,Product,GF,Jerry,9/21/2015,12/20/2015,,,,
483,Product,GF,Bill,7/5/2015,10/3/2015,,,,
484,Product,GF,Gandalf,7/23/2015,10/21/2015,,,,
485,Product,GF,Balin,7/28/2015,10/26/2015,,,,
486,Product,GF,Jerry,9/1/2015,11/30/2015,,,,
487,Product,GF,Bifur,7/21/2015,10/19/2015,,,,
488,Product,GF,Bilbo,8/18/2015,11/16/2015,,,,
489,Product,GF,Thorin Oakenshield,7/23/2015,10/21/2015,,,,
490,Product,GF,Shamus,9/20/2015,12/19/2015,,,,
491,Product,GF,Balin,8/17/2015,11/15/2015,,,,
492,Product,GF,Elrond,7/6/2015,10/4/2015,,,,
493,Product,GF,Shamus,9/14/2015,12/13/2015,,,,
494,Product,GF,Balin,7/15/2015,10/13/2015,,,,
495,Product,GF,Smaug,7/16/2015,10/14/2015,,,,
496,Product,GF,Bilbo,8/5/2015,11/3/2015,,,,
497,Product,GF,Thorin Oakenshield,8/17/2015,11/15/2015,,,,
498,Product,GF,Bifur,8/2/2015,10/31/2015,,,,
499,Engineering,US,Balin,11/12/2014,2/10/2015,12/1/2014,2/21/2015,2/28/2015,194
500,Engineering,US,Thorin Oakenshield,12/21/2014,3/21/2015,1/9/2015,1/16/2015,1/27/2015,195
501,Engineering,US,Bifur,12/8/2014,3/8/2015,12/17/2014,3/14/2015,3/26/2015,196
502,Engineering,US,Jerry,10/20/2014,1/18/2015,11/4/2014,12/18/2014,1/1/2015,197
503,Engineering,US,Elrond,12/9/2014,3/9/2015,12/18/2014,1/17/2015,1/27/2015,198
504,Engineering,US,Elrond,10/27/2014,1/25/2015,11/13/2014,1/11/2015,1/25/2015,199
505,Engineering,US,Great Goblin,11/17/2014,2/15/2015,12/2/2014,2/12/2015,2/25/2015,200
506,Engineering,US,Jerry,12/1/2014,3/1/2015,12/3/2014,1/27/2015,2/7/2015,201
507,Engineering,US,Jerry,12/16/2014,3/16/2015,12/30/2014,1/26/2015,2/6/2015,202
508,Engineering,US,Bill,11/11/2014,2/9/2015,11/11/2014,12/13/2014,12/26/2014,203
509,Engineering,US,Shamus,10/19/2014,1/17/2015,11/5/2014,1/15/2015,1/28/2015,204
510,Engineering,US,Thorin Oakenshield,10/13/2014,1/11/2015,10/31/2014,10/31/2014,11/12/2014,205
511,Engineering,US,Shamus,11/14/2014,2/12/2015,11/20/2014,12/14/2014,12/22/2014,206
512,Engineering,US,Bill,10/10/2014,1/8/2015,10/14/2014,11/12/2014,11/26/2014,207
513,Engineering,US,Great Goblin,10/26/2014,1/24/2015,11/12/2014,1/20/2015,1/30/2015,208
514,Engineering,US,Bill,10/29/2014,1/27/2015,11/5/2014,12/16/2014,12/25/2014,209
515,Engineering,US,Bifur,12/6/2014,3/6/2015,12/21/2014,1/7/2015,1/15/2015,210
516,Engineering,US,Thorin Oakenshield,11/20/2014,2/18/2015,11/30/2014,2/8/2015,2/16/2015,211
517,Engineering,US,Bifur,10/27/2014,1/25/2015,10/29/2014,2/4/2015,2/12/2015,212
518,Engineering,US,Bill,4/23/2015,7/22/2015,4/27/2015,,,
519,Engineering,US,Bilbo,4/25/2015,7/24/2015,4/28/2015,,,
520,Engineering,US,Great Goblin,6/14/2015,9/12/2015,,,,
521,Engineering,US,Bifur,4/19/2015,7/18/2015,4/22/2015,,,
522,Engineering,US,Bifur,6/13/2015,9/11/2015,,,,
523,Engineering,US,Jerry,4/11/2015,7/10/2015,4/23/2015,,,
524,Engineering,US,Bill,5/29/2015,8/27/2015,,,,
525,Engineering,US,Balin,6/13/2015,9/11/2015,,,,
526,Engineering,US,Bifur,6/3/2015,9/1/2015,,,,
527,Engineering,US,Jerry,6/13/2015,9/11/2015,,,,
528,Engineering,US,Bifur,4/29/2015,7/28/2015,5/1/2015,,,
529,Engineering,US,Great Goblin,5/25/2015,8/23/2015,,,,
530,Engineering,US,Thorin Oakenshield,4/28/2015,7/27/2015,5/14/2015,,,
531,Engineering,US,Balin,5/29/2015,8/27/2015,,,,
532,Engineering,US,Balin,4/13/2015,7/12/2015,5/1/2015,5/13/2015,,
533,Engineering,US,Bilbo,6/7/2015,9/5/2015,,,,
534,Engineering,US,Smaug,6/11/2015,9/9/2015,,,,
535,Engineering,US,Thorin Oakenshield,4/14/2015,7/13/2015,5/1/2015,,,
536,Engineering,US,Elrond,4/25/2015,7/24/2015,5/5/2015,,,
537,Engineering,US,Bifur,4/7/2015,7/6/2015,4/8/2015,,,
538,Engineering,US,Balin,5/16/2015,8/14/2015,,,,
539,Engineering,US,Thorin Oakenshield,4/3/2015,7/2/2015,4/13/2015,5/11/2015,5/20/2015,213
540,Engineering,US,Great Goblin,1/22/2015,4/22/2015,2/10/2015,4/4/2015,4/14/2015,214
541,Engineering,US,Smaug,2/27/2015,5/28/2015,3/17/2015,4/11/2015,4/19/2015,215
542,Engineering,US,Bifur,2/20/2015,5/21/2015,2/23/2015,3/27/2015,4/7/2015,216
543,Engineering,US,Balin,1/16/2015,4/16/2015,2/3/2015,3/2/2015,3/10/2015,217
544,Engineering,US,Bifur,1/8/2015,4/8/2015,1/18/2015,3/12/2015,3/21/2015,218
545,Engineering,US,Thorin Oakenshield,3/7/2015,6/5/2015,3/15/2015,,,
546,Engineering,US,Balin,1/21/2015,4/21/2015,1/31/2015,4/10/2015,4/20/2015,219
547,Engineering,US,Smaug,1/20/2015,4/20/2015,2/2/2015,3/1/2015,3/9/2015,220
548,Engineering,US,Jerry,2/11/2015,5/12/2015,2/11/2015,4/28/2015,5/9/2015,221
549,Engineering,US,Bill,2/18/2015,5/19/2015,2/22/2015,,,
550,Engineering,US,Smaug,3/21/2015,6/19/2015,3/23/2015,,,
551,Engineering,US,Bifur,3/18/2015,6/16/2015,3/28/2015,5/3/2015,5/17/2015,222
552,Engineering,US,Smaug,1/10/2015,4/10/2015,1/16/2015,3/23/2015,3/31/2015,223
553,Engineering,US,Bifur,2/20/2015,5/21/2015,3/11/2015,4/21/2015,4/30/2015,224
554,Engineering,US,Shamus,1/5/2015,4/5/2015,1/7/2015,3/27/2015,4/3/2015,225
555,Engineering,US,Shamus,2/2/2015,5/3/2015,2/20/2015,4/30/2015,5/8/2015,226
556,Engineering,US,Great Goblin,3/3/2015,6/1/2015,3/12/2015,,,
557,Engineering,US,Smaug,3/18/2015,6/16/2015,3/22/2015,,,
558,Engineering,US,Great Goblin,2/28/2015,5/29/2015,3/6/2015,5/7/2015,5/14/2015,227
559,Engineering,US,Smaug,3/13/2015,6/11/2015,3/18/2015,5/20/2015,,
560,Engineering,US,Thorin Oakenshield,1/28/2015,4/28/2015,1/28/2015,4/18/2015,5/1/2015,228
561,Engineering,US,Elrond,2/5/2015,5/6/2015,2/9/2015,4/17/2015,4/27/2015,229
562,Engineering,US,Bill,3/5/2015,6/3/2015,3/24/2015,,,
563,Engineering,US,Shamus,1/28/2015,4/28/2015,2/13/2015,4/24/2015,5/5/2015,230
564,Engineering,US,Jerry,1/24/2015,4/24/2015,2/3/2015,4/23/2015,5/6/2015,231
565,Engineering,US,Balin,1/27/2015,4/27/2015,2/9/2015,3/27/2015,4/4/2015,232
566,Engineering,US,Thorin Oakenshield,2/12/2015,5/13/2015,2/19/2015,4/14/2015,4/21/2015,233
567,Engineering,US,Gandalf,8/16/2015,11/14/2015,,,,
568,Engineering,US,Shamus,7/23/2015,10/21/2015,,,,
569,Engineering,US,Elrond,7/16/2015,10/14/2015,,,,
570,Engineering,US,Bilbo,7/12/2015,10/10/2015,,,,
571,Engineering,US,Thorin Oakenshield,7/13/2015,10/11/2015,,,,
572,Engineering,US,Smaug,8/3/2015,11/1/2015,,,,
573,Engineering,US,Gandalf,9/14/2015,12/13/2015,,,,
574,Engineering,US,Bilbo,9/4/2015,12/3/2015,,,,
575,Engineering,US,Bifur,9/4/2015,12/3/2015,,,,
576,Engineering,US,Great Goblin,9/18/2015,12/17/2015,,,,
577,Engineering,US,Gandalf,8/3/2015,11/1/2015,,,,
578,Engineering,US,Thorin Oakenshield,7/15/2015,10/13/2015,,,,
579,Engineering,US,Balin,8/20/2015,11/18/2015,,,,
580,Engineering,US,Jerry,7/21/2015,10/19/2015,,,,
581,Engineering,US,Shamus,9/9/2015,12/8/2015,,,,
582,Engineering,US,Great Goblin,7/31/2015,10/29/2015,,,,
583,Engineering,US,Jerry,7/23/2015,10/21/2015,,,,
584,Engineering,US,Bill,8/26/2015,11/24/2015,,,,
585,Engineering,US,Bilbo,7/27/2015,10/25/2015,,,,
586,Engineering,US,Bill,8/10/2015,11/8/2015,,,,
587,Engineering,US,Elrond,7/13/2015,10/11/2015,,,,
588,Engineering,US,Elrond,7/7/2015,10/5/2015,,,,
589,Engineering,US,Thorin Oakenshield,8/24/2015,11/22/2015,,,,
590,Engineering,US,Balin,8/26/2015,11/24/2015,,,,
591,Engineering,US,Shamus,8/24/2015,11/22/2015,,,,
592,Engineering,US,Gandalf,8/7/2015,11/5/2015,,,,
593,Engineering,US,Great Goblin,8/17/2015,11/15/2015,,,,
594,Engineering,US,Gandalf,7/5/2015,10/3/2015,,,,
595,Engineering,US,Elrond,7/16/2015,10/14/2015,,,,
596,Engineering,US,Bifur,8/26/2015,11/24/2015,,,,
597,Engineering,US,Thorin Oakenshield,9/4/2015,12/3/2015,,,,
598,Engineering,US,Smaug,7/6/2015,10/4/2015,,,,
599,Engineering,DZ,Bilbo,12/3/2014,3/3/2015,12/22/2014,1/31/2015,2/10/2015,234
600,Engineering,DZ,Thorin Oakenshield,12/21/2014,3/21/2015,1/10/2015,2/25/2015,3/11/2015,235
601,Engineering,DZ,Balin,11/8/2014,2/6/2015,11/20/2014,1/14/2015,1/25/2015,236
602,Engineering,DZ,Jerry,11/21/2014,2/19/2015,12/2/2014,12/25/2014,1/2/2015,237
603,Engineering,DZ,Bilbo,12/12/2014,3/12/2015,12/20/2014,3/13/2015,3/27/2015,238
604,Engineering,DZ,Smaug,10/10/2014,1/8/2015,10/26/2014,11/29/2014,12/7/2014,239
605,Engineering,DZ,Bifur,10/23/2014,1/21/2015,11/2/2014,1/12/2015,1/23/2015,240
606,Engineering,DZ,Gandalf,12/21/2014,3/21/2015,12/25/2014,2/3/2015,2/15/2015,241
607,Engineering,DZ,Thorin Oakenshield,10/18/2014,1/16/2015,10/22/2014,11/15/2014,11/24/2014,242
608,Engineering,DZ,Thorin Oakenshield,11/2/2014,1/31/2015,11/18/2014,1/24/2015,2/2/2015,243
609,Engineering,DZ,Elrond,12/6/2014,3/6/2015,12/11/2014,1/16/2015,1/30/2015,244
610,Engineering,DZ,Great Goblin,11/27/2014,2/25/2015,12/3/2014,3/2/2015,3/10/2015,245
611,Engineering,DZ,Jerry,11/19/2014,2/17/2015,11/19/2014,1/31/2015,2/8/2015,246
612,Engineering,DZ,Bifur,10/29/2014,1/27/2015,11/13/2014,1/26/2015,2/5/2015,247
613,Engineering,DZ,Bilbo,10/6/2014,1/4/2015,10/14/2014,11/27/2014,12/9/2014,248
614,Engineering,DZ,Thorin Oakenshield,10/27/2014,1/25/2015,11/14/2014,12/6/2014,12/20/2014,249
615,Engineering,DZ,Jerry,11/24/2014,2/22/2015,12/10/2014,2/16/2015,2/24/2015,250
616,Engineering,DZ,Great Goblin,10/27/2014,1/25/2015,11/12/2014,1/19/2015,1/31/2015,251
617,Engineering,DZ,Balin,11/29/2014,2/27/2015,12/6/2014,1/7/2015,1/16/2015,252
618,Engineering,DZ,Balin,4/24/2015,7/23/2015,5/10/2015,,,
619,Engineering,DZ,Bifur,4/7/2015,7/6/2015,4/18/2015,,,
620,Engineering,DZ,Great Goblin,5/30/2015,8/28/2015,,,,
621,Engineering,DZ,Smaug,6/4/2015,9/2/2015,,,,
622,Engineering,DZ,Thorin Oakenshield,5/1/2015,7/30/2015,5/12/2015,,,
623,Engineering,DZ,Great Goblin,4/2/2015,7/1/2015,4/8/2015,,,
624,Engineering,DZ,Smaug,5/14/2015,8/12/2015,,,,
625,Engineering,DZ,Elrond,4/26/2015,7/25/2015,4/28/2015,,,
626,Engineering,DZ,Thorin Oakenshield,4/29/2015,7/28/2015,5/2/2015,,,
627,Engineering,DZ,Bilbo,6/17/2015,9/15/2015,,,,
628,Engineering,DZ,Bifur,6/2/2015,8/31/2015,,,,
629,Engineering,DZ,Elrond,4/16/2015,7/15/2015,4/27/2015,,,
630,Engineering,DZ,Great Goblin,4/12/2015,7/11/2015,5/1/2015,5/7/2015,,
631,Engineering,DZ,Jerry,4/19/2015,7/18/2015,4/24/2015,,,
632,Engineering,DZ,Bill,5/2/2015,7/31/2015,5/19/2015,,,
633,Engineering,DZ,Smaug,5/16/2015,8/14/2015,,,,
634,Engineering,DZ,Thorin Oakenshield,5/8/2015,8/6/2015,,,,
635,Engineering,DZ,Great Goblin,6/15/2015,9/13/2015,,,,
636,Engineering,DZ,Thorin Oakenshield,5/31/2015,8/29/2015,,,,
637,Engineering,DZ,Balin,6/18/2015,9/16/2015,,,,
638,Engineering,DZ,Great Goblin,4/22/2015,7/21/2015,4/22/2015,,,
639,Engineering,DZ,Shamus,5/12/2015,8/10/2015,,,,
640,Engineering,DZ,Thorin Oakenshield,2/13/2015,5/14/2015,2/20/2015,3/31/2015,4/7/2015,253
641,Engineering,DZ,Gandalf,3/12/2015,6/10/2015,3/26/2015,4/30/2015,5/11/2015,254
642,Engineering,DZ,Bilbo,3/20/2015,6/18/2015,3/20/2015,,,
643,Engineering,DZ,Bill,2/12/2015,5/13/2015,2/19/2015,3/20/2015,3/30/2015,255
644,Engineering,DZ,Gandalf,2/24/2015,5/25/2015,3/1/2015,5/5/2015,5/18/2015,256
645,Engineering,DZ,Balin,1/7/2015,4/7/2015,1/11/2015,2/15/2015,2/23/2015,257
646,Engineering,DZ,Bifur,2/19/2015,5/20/2015,2/20/2015,,,
647,Engineering,DZ,Gandalf,3/19/2015,6/17/2015,3/26/2015,5/11/2015,,
648,Engineering,DZ,Elrond,3/7/2015,6/5/2015,3/17/2015,5/6/2015,5/13/2015,258
649,Engineering,DZ,Gandalf,2/26/2015,5/27/2015,3/7/2015,5/2/2015,5/16/2015,259
650,Engineering,DZ,Great Goblin,3/10/2015,6/8/2015,3/20/2015,4/17/2015,4/26/2015,260
651,Engineering,DZ,Great Goblin,2/22/2015,5/23/2015,3/10/2015,4/23/2015,5/2/2015,261
652,Engineering,DZ,Smaug,2/4/2015,5/5/2015,2/9/2015,3/30/2015,4/9/2015,262
653,Engineering,DZ,Smaug,1/30/2015,4/30/2015,2/2/2015,5/1/2015,5/11/2015,263
654,Engineering,DZ,Thorin Oakenshield,3/11/2015,6/9/2015,3/26/2015,,,
655,Engineering,DZ,Smaug,1/15/2015,4/15/2015,1/22/2015,3/24/2015,4/7/2015,264
656,Engineering,DZ,Elrond,3/13/2015,6/11/2015,3/21/2015,5/11/2015,5/19/2015,265
657,Engineering,DZ,Shamus,3/21/2015,6/19/2015,3/25/2015,4/15/2015,4/26/2015,266
658,Engineering,DZ,Thorin Oakenshield,2/12/2015,5/13/2015,3/3/2015,4/26/2015,5/7/2015,267
659,Engineering,DZ,Bifur,1/23/2015,4/23/2015,1/24/2015,3/20/2015,4/1/2015,268
660,Engineering,DZ,Balin,2/1/2015,5/2/2015,2/21/2015,4/16/2015,4/24/2015,269
661,Engineering,DZ,Elrond,2/16/2015,5/17/2015,3/5/2015,4/18/2015,4/26/2015,270
662,Engineering,DZ,Thorin Oakenshield,1/22/2015,4/22/2015,1/24/2015,2/22/2015,3/6/2015,271
663,Engineering,DZ,Thorin Oakenshield,2/20/2015,5/21/2015,3/11/2015,5/7/2015,5/15/2015,272
664,Engineering,DZ,Jerry,1/14/2015,4/14/2015,1/22/2015,3/27/2015,4/4/2015,273
665,Engineering,DZ,Bill,3/7/2015,6/5/2015,3/8/2015,,,
666,Engineering,DZ,Great Goblin,2/26/2015,5/27/2015,3/6/2015,4/22/2015,4/30/2015,274
667,Engineering,DZ,Shamus,8/11/2015,11/9/2015,,,,
668,Engineering,DZ,Elrond,8/10/2015,11/8/2015,,,,
669,Engineering,DZ,Great Goblin,8/30/2015,11/28/2015,,,,
670,Engineering,DZ,Gandalf,7/27/2015,10/25/2015,,,,
671,Engineering,DZ,Smaug,8/9/2015,11/7/2015,,,,
672,Engineering,DZ,Shamus,8/13/2015,11/11/2015,,,,
673,Engineering,DZ,Great Goblin,9/1/2015,11/30/2015,,,,
674,Engineering,DZ,Elrond,8/3/2015,11/1/2015,,,,
675,Engineering,DZ,Balin,9/14/2015,12/13/2015,,,,
676,Engineering,DZ,Thorin Oakenshield,7/13/2015,10/11/2015,,,,
677,Engineering,DZ,Shamus,7/5/2015,10/3/2015,,,,
678,Engineering,DZ,Thorin Oakenshield,8/16/2015,11/14/2015,,,,
679,Engineering,DZ,Bifur,7/20/2015,10/18/2015,,,,
680,Engineering,DZ,Gandalf,7/15/2015,10/13/2015,,,,
681,Engineering,DZ,Gandalf,7/3/2015,10/1/2015,,,,
682,Engineering,DZ,Bifur,9/14/2015,12/13/2015,,,,
683,Engineering,DZ,Bifur,8/29/2015,11/27/2015,,,,
684,Engineering,DZ,Thorin Oakenshield,7/27/2015,10/25/2015,,,,
685,Engineering,DZ,Smaug,7/19/2015,10/17/2015,,,,
686,Engineering,DZ,Bilbo,9/6/2015,12/5/2015,,,,
687,Engineering,DZ,Bilbo,8/6/2015,11/4/2015,,,,
688,Engineering,DZ,Elrond,8/18/2015,11/16/2015,,,,
689,Engineering,DZ,Thorin Oakenshield,7/29/2015,10/27/2015,,,,
690,Engineering,DZ,Bill,8/6/2015,11/4/2015,,,,
691,Engineering,DZ,Bill,9/1/2015,11/30/2015,,,,
692,Engineering,DZ,Bill,8/8/2015,11/6/2015,,,,
693,Engineering,DZ,Smaug,7/21/2015,10/19/2015,,,,
694,Engineering,DZ,Gandalf,8/15/2015,11/13/2015,,,,
695,Engineering,DZ,Elrond,7/26/2015,10/24/2015,,,,
696,Engineering,DZ,Bifur,8/14/2015,11/12/2015,,,,
697,Engineering,DZ,Elrond,7/23/2015,10/21/2015,,,,
698,Engineering,DZ,Elrond,7/14/2015,10/12/2015,,,,
699,Engineering,GF,Smaug,11/14/2014,2/12/2015,11/16/2014,2/1/2015,2/12/2015,275
700,Engineering,GF,Bill,10/6/2014,1/4/2015,10/17/2014,11/16/2014,11/28/2014,276
701,Engineering,GF,Jerry,11/16/2014,2/14/2015,11/21/2014,1/7/2015,1/15/2015,277
702,Engineering,GF,Shamus,12/11/2014,3/11/2015,12/20/2014,2/8/2015,2/18/2015,278
703,Engineering,GF,Jerry,12/19/2014,3/19/2015,1/6/2015,1/17/2015,1/31/2015,279
704,Engineering,GF,Jerry,10/13/2014,1/11/2015,10/17/2014,1/21/2015,2/3/2015,280
705,Engineering,GF,Thorin Oakenshield,12/6/2014,3/6/2015,12/13/2014,2/13/2015,2/27/2015,281
706,Engineering,GF,Jerry,11/24/2014,2/22/2015,11/27/2014,1/13/2015,1/20/2015,282
707,Engineering,GF,Great Goblin,10/20/2014,1/18/2015,11/2/2014,12/24/2014,1/4/2015,283
708,Engineering,GF,Bill,11/22/2014,2/20/2015,12/5/2014,1/26/2015,2/7/2015,284
709,Engineering,GF,Bill,11/3/2014,2/1/2015,11/21/2014,1/10/2015,1/24/2015,285
710,Engineering,GF,Balin,10/13/2014,1/11/2015,10/13/2014,1/20/2015,1/29/2015,286
711,Engineering,GF,Great Goblin,11/14/2014,2/12/2015,11/18/2014,1/21/2015,2/2/2015,287
712,Engineering,GF,Smaug,10/7/2014,1/5/2015,10/23/2014,11/6/2014,11/18/2014,288
713,Engineering,GF,Shamus,12/5/2014,3/5/2015,12/16/2014,2/15/2015,2/27/2015,289
714,Engineering,GF,Great Goblin,10/11/2014,1/9/2015,10/24/2014,12/24/2014,1/5/2015,290
715,Engineering,GF,Shamus,11/10/2014,2/8/2015,11/24/2014,2/13/2015,2/27/2015,291
716,Engineering,GF,Bilbo,11/17/2014,2/15/2015,11/26/2014,1/5/2015,1/17/2015,292
717,Engineering,GF,Bilbo,11/13/2014,2/11/2015,11/16/2014,1/11/2015,1/19/2015,293
718,Engineering,GF,Thorin Oakenshield,4/14/2015,7/13/2015,4/25/2015,,,
719,Engineering,GF,Gandalf,4/22/2015,7/21/2015,5/12/2015,,,
720,Engineering,GF,Great Goblin,5/13/2015,8/11/2015,,,,
721,Engineering,GF,Bifur,6/18/2015,9/16/2015,,,,
722,Engineering,GF,Bilbo,4/26/2015,7/25/2015,5/6/2015,,,
723,Engineering,GF,Shamus,6/16/2015,9/14/2015,,,,
724,Engineering,GF,Balin,4/2/2015,7/1/2015,4/18/2015,,,
725,Engineering,GF,Bifur,4/18/2015,7/17/2015,4/20/2015,,,
726,Engineering,GF,Gandalf,4/9/2015,7/8/2015,4/27/2015,,,
727,Engineering,GF,Jerry,4/5/2015,7/4/2015,4/12/2015,,,
728,Engineering,GF,Bifur,6/7/2015,9/5/2015,,,,
729,Engineering,GF,Bilbo,4/9/2015,7/8/2015,4/18/2015,5/4/2015,5/14/2015,294
730,Engineering,GF,Gandalf,4/7/2015,7/6/2015,4/22/2015,,,
731,Engineering,GF,Jerry,5/28/2015,8/26/2015,,,,
732,Engineering,GF,Great Goblin,5/21/2015,8/19/2015,,,,
733,Engineering,GF,Elrond,5/15/2015,8/13/2015,,,,
734,Engineering,GF,Smaug,4/13/2015,7/12/2015,4/15/2015,5/9/2015,,
735,Engineering,GF,Bilbo,5/27/2015,8/25/2015,,,,
736,Engineering,GF,Bifur,4/28/2015,7/27/2015,5/11/2015,,,
737,Engineering,GF,Bill,5/22/2015,8/20/2015,,,,
738,Engineering,GF,Thorin Oakenshield,6/20/2015,9/18/2015,,,,
739,Engineering,GF,Great Goblin,6/14/2015,9/12/2015,,,,
740,Engineering,GF,Thorin Oakenshield,2/14/2015,5/15/2015,3/5/2015,,,
741,Engineering,GF,Gandalf,1/13/2015,4/13/2015,1/18/2015,4/9/2015,4/20/2015,295
742,Engineering,GF,Jerry,1/15/2015,4/15/2015,1/21/2015,4/15/2015,4/29/2015,296
743,Engineering,GF,Bilbo,2/11/2015,5/12/2015,2/11/2015,4/15/2015,4/24/2015,297
744,Engineering,GF,Smaug,3/1/2015,5/30/2015,3/15/2015,4/9/2015,4/22/2015,298
745,Engineering,GF,Thorin Oakenshield,2/24/2015,5/25/2015,3/2/2015,5/3/2015,5/14/2015,299
746,Engineering,GF,Bilbo,3/3/2015,6/1/2015,3/20/2015,5/17/2015,,
747,Engineering,GF,Bilbo,3/6/2015,6/4/2015,3/17/2015,,,
748,Engineering,GF,Elrond,3/18/2015,6/16/2015,4/3/2015,5/2/2015,5/9/2015,300
749,Engineering,GF,Great Goblin,3/10/2015,6/8/2015,3/17/2015,,,
750,Engineering,GF,Bill,2/19/2015,5/20/2015,2/21/2015,5/5/2015,5/18/2015,301
751,Engineering,GF,Elrond,2/23/2015,5/24/2015,2/27/2015,5/10/2015,,
752,Engineering,GF,Balin,2/15/2015,5/16/2015,3/3/2015,5/5/2015,5/16/2015,302
753,Engineering,GF,Bifur,2/1/2015,5/2/2015,2/14/2015,4/22/2015,5/2/2015,303
754,Engineering,GF,Smaug,2/14/2015,5/15/2015,2/27/2015,5/9/2015,5/18/2015,304
755,Engineering,GF,Bill,1/30/2015,4/30/2015,2/13/2015,4/21/2015,4/29/2015,305
756,Engineering,GF,Bilbo,1/30/2015,4/30/2015,2/19/2015,5/4/2015,5/12/2015,306
757,Engineering,GF,Elrond,2/7/2015,5/8/2015,2/22/2015,4/2/2015,4/11/2015,307
758,Engineering,GF,Great Goblin,2/8/2015,5/9/2015,2/9/2015,5/17/2015,,
759,Engineering,GF,Bifur,3/8/2015,6/6/2015,3/9/2015,4/5/2015,4/12/2015,308
760,Engineering,GF,Bilbo,1/10/2015,4/10/2015,1/11/2015,4/22/2015,4/29/2015,309
761,Engineering,GF,Bilbo,2/9/2015,5/10/2015,2/28/2015,3/11/2015,3/19/2015,310
762,Engineering,GF,Gandalf,3/18/2015,6/16/2015,3/29/2015,,,
763,Engineering,GF,Elrond,3/9/2015,6/7/2015,3/19/2015,4/7/2015,4/19/2015,311
764,Engineering,GF,Jerry,1/24/2015,4/24/2015,2/13/2015,4/25/2015,5/2/2015,312
765,Engineering,GF,Bill,3/5/2015,6/3/2015,3/20/2015,4/25/2015,5/3/2015,313
766,Engineering,GF,Jerry,2/24/2015,5/25/2015,3/9/2015,3/24/2015,4/7/2015,314
767,Engineering,GF,Great Goblin,9/19/2015,12/18/2015,,,,
768,Engineering,GF,Elrond,8/10/2015,11/8/2015,,,,
769,Engineering,GF,Bill,8/28/2015,11/26/2015,,,,
770,Engineering,GF,Jerry,9/9/2015,12/8/2015,,,,
771,Engineering,GF,Bill,9/8/2015,12/7/2015,,,,
772,Engineering,GF,Smaug,7/8/2015,10/6/2015,,,,
773,Engineering,GF,Smaug,8/16/2015,11/14/2015,,,,
774,Engineering,GF,Balin,8/13/2015,11/11/2015,,,,
775,Engineering,GF,Bill,9/18/2015,12/17/2015,,,,
776,Engineering,GF,Gandalf,7/16/2015,10/14/2015,,,,
777,Engineering,GF,Bill,9/3/2015,12/2/2015,,,,
778,Engineering,GF,Jerry,8/30/2015,11/28/2015,,,,
779,Engineering,GF,Gandalf,7/19/2015,10/17/2015,,,,
780,Engineering,GF,Great Goblin,8/18/2015,11/16/2015,,,,
781,Engineering,GF,Jerry,9/9/2015,12/8/2015,,,,
782,Engineering,GF,Elrond,9/7/2015,12/6/2015,,,,
783,Engineering,GF,Jerry,9/8/2015,12/7/2015,,,,
784,Engineering,GF,Bill,7/17/2015,10/15/2015,,,,
785,Engineering,GF,Shamus,7/9/2015,10/7/2015,,,,
786,Engineering,GF,Smaug,8/25/2015,11/23/2015,,,,
787,Engineering,GF,Balin,7/3/2015,10/1/2015,,,,
788,Engineering,GF,Shamus,8/23/2015,11/21/2015,,,,
789,Engineering,GF,Shamus,7/17/2015,10/15/2015,,,,
790,Engineering,GF,Bifur,8/18/2015,11/16/2015,,,,
791,Engineering,GF,Balin,8/28/2015,11/26/2015,,,,
792,Engineering,GF,Shamus,7/4/2015,10/2/2015,,,,
793,Engineering,GF,Jerry,9/9/2015,12/8/2015,,,,
794,Engineering,GF,Bill,8/28/2015,11/26/2015,,,,
795,Engineering,GF,Elrond,7/8/2015,10/6/2015,,,,
796,Engineering,GF,Smaug,9/8/2015,12/7/2015,,,,
797,Engineering,GF,Smaug,9/8/2015,12/7/2015,,,,
798,Engineering,GF,Gandalf,9/14/2015,12/13/2015,,,,
799,Services,US,Bilbo,11/6/2014,2/4/2015,11/25/2014,12/26/2014,1/9/2015,315
800,Services,US,Smaug,10/23/2014,1/21/2015,10/26/2014,12/4/2014,12/14/2014,316
801,Services,US,Smaug,11/30/2014,2/28/2015,12/15/2014,1/12/2015,1/21/2015,317
802,Services,US,Balin,4/5/2015,7/4/2015,4/8/2015,,,
803,Services,US,Jerry,6/5/2015,9/3/2015,,,,
804,Services,US,Shamus,6/17/2015,9/15/2015,,,,
805,Services,US,Shamus,6/1/2015,8/30/2015,,,,
806,Services,US,Smaug,2/9/2015,5/10/2015,2/26/2015,5/5/2015,5/14/2015,318
807,Services,US,Smaug,1/12/2015,4/12/2015,1/21/2015,4/23/2015,5/1/2015,319
808,Services,US,Bill,2/5/2015,5/6/2015,2/6/2015,3/21/2015,4/1/2015,320
809,Services,US,Elrond,1/13/2015,4/13/2015,1/15/2015,3/16/2015,3/25/2015,321
810,Services,US,Gandalf,3/1/2015,5/30/2015,3/15/2015,,,
811,Services,US,Bilbo,7/4/2015,10/2/2015,,,,
812,Services,US,Balin,8/18/2015,11/16/2015,,,,
813,Services,US,Smaug,7/5/2015,10/3/2015,,,,
814,Services,US,Bilbo,8/19/2015,11/17/2015,,,,
815,Services,US,Thorin Oakenshield,8/18/2015,11/16/2015,,,,
816,Services,DZ,Balin,10/30/2014,1/28/2015,11/5/2014,12/20/2014,1/2/2015,322
817,Services,DZ,Elrond,11/13/2014,2/11/2015,11/14/2014,1/8/2015,1/21/2015,323
818,Services,DZ,Elrond,12/21/2014,3/21/2015,12/25/2014,2/22/2015,3/7/2015,324
819,Services,DZ,Great Goblin,5/12/2015,8/10/2015,5/15/2015,,,
820,Services,DZ,Elrond,6/17/2015,9/15/2015,,,,
821,Services,DZ,Bilbo,4/19/2015,7/18/2015,5/5/2015,,,
822,Services,DZ,Jerry,6/21/2015,9/19/2015,,,,
823,Services,DZ,Jerry,2/13/2015,5/14/2015,2/14/2015,4/18/2015,5/1/2015,325
824,Services,DZ,Jerry,3/18/2015,6/16/2015,3/28/2015,,,
825,Services,DZ,Bill,3/9/2015,6/7/2015,3/15/2015,5/13/2015,5/20/2015,326
826,Services,DZ,Smaug,2/9/2015,5/10/2015,2/23/2015,4/2/2015,4/16/2015,327
827,Services,DZ,Jerry,1/4/2015,4/4/2015,1/6/2015,3/1/2015,3/11/2015,328
828,Services,DZ,Bilbo,9/1/2015,11/30/2015,,,,
829,Services,DZ,Great Goblin,9/11/2015,12/10/2015,,,,
830,Services,DZ,Thorin Oakenshield,8/19/2015,11/17/2015,,,,
831,Services,DZ,Great Goblin,9/13/2015,12/12/2015,,,,
832,Services,DZ,Shamus,9/15/2015,12/14/2015,,,,
833,Services,GF,Thorin Oakenshield,10/29/2014,1/27/2015,10/30/2014,12/29/2014,1/10/2015,329
834,Services,GF,Smaug,10/14/2014,1/12/2015,10/31/2014,11/20/2014,11/29/2014,330
835,Services,GF,Great Goblin,12/9/2014,3/9/2015,12/16/2014,2/22/2015,3/7/2015,331
836,Services,GF,Bilbo,5/2/2015,7/31/2015,5/14/2015,,,
837,Services,GF,Bill,4/13/2015,7/12/2015,4/15/2015,,,
838,Services,GF,Great Goblin,4/13/2015,7/12/2015,4/17/2015,5/13/2015,,
839,Services,GF,Balin,5/3/2015,8/1/2015,5/8/2015,,,
840,Services,GF,Thorin Oakenshield,3/18/2015,6/16/2015,3/24/2015,4/29/2015,5/9/2015,332
841,Services,GF,Shamus,3/3/2015,6/1/2015,3/23/2015,5/20/2015,,
842,Services,GF,Thorin Oakenshield,1/7/2015,4/7/2015,1/22/2015,2/12/2015,2/24/2015,333
843,Services,GF,Jerry,1/4/2015,4/4/2015,1/9/2015,3/1/2015,3/8/2015,334
844,Services,GF,Balin,1/17/2015,4/17/2015,2/3/2015,3/16/2015,3/30/2015,335
845,Services,GF,Bifur,8/7/2015,11/5/2015,,,,
846,Services,GF,Great Goblin,8/2/2015,10/31/2015,,,,
847,Services,GF,Elrond,7/9/2015,10/7/2015,,,,
848,Services,GF,Bifur,7/26/2015,10/24/2015,,,,
849,Services,GF,Great Goblin,7/5/2015,10/3/2015,,,,
850,Services,GF,Thorin Oakenshield,8/2/2015,10/31/2015,,,,
851,Operations,US,Jerry,10/25/2014,1/23/2015,10/25/2014,12/9/2014,12/20/2014,336
852,Operations,US,Bilbo,11/16/2014,2/14/2015,11/25/2014,2/17/2015,3/2/2015,337
853,Operations,US,Thorin Oakenshield,11/26/2014,2/24/2015,11/28/2014,2/17/2015,3/1/2015,338
854,Operations,US,Shamus,11/9/2014,2/7/2015,11/17/2014,12/18/2014,12/30/2014,339
855,Operations,US,Bifur,12/15/2014,3/15/2015,12/22/2014,3/25/2015,4/1/2015,340
856,Operations,US,Bill,12/14/2014,3/14/2015,12/23/2014,3/18/2015,4/1/2015,341
857,Operations,US,Shamus,12/21/2014,3/21/2015,1/8/2015,1/30/2015,2/6/2015,342
858,Operations,US,Great Goblin,11/2/2014,1/31/2015,11/19/2014,2/10/2015,2/18/2015,343
859,Operations,US,Jerry,11/19/2014,2/17/2015,11/26/2014,2/9/2015,2/22/2015,344
860,Operations,US,Balin,4/25/2015,7/24/2015,5/5/2015,,,
861,Operations,US,Smaug,6/19/2015,9/17/2015,,,,
862,Operations,US,Jerry,5/22/2015,8/20/2015,,,,
863,Operations,US,Bifur,6/14/2015,9/12/2015,,,,
864,Operations,US,Bilbo,4/22/2015,7/21/2015,5/6/2015,,,
865,Operations,US,Elrond,4/28/2015,7/27/2015,4/28/2015,,,
866,Operations,US,Thorin Oakenshield,4/17/2015,7/16/2015,5/5/2015,5/14/2015,,
867,Operations,US,Thorin Oakenshield,4/29/2015,7/28/2015,5/5/2015,,,
868,Operations,US,Bifur,6/19/2015,9/17/2015,,,,
869,Operations,US,Great Goblin,5/3/2015,8/1/2015,5/8/2015,,,
870,Operations,US,Smaug,5/3/2015,8/1/2015,5/10/2015,,,
871,Operations,US,Bilbo,4/25/2015,7/24/2015,4/30/2015,,,
872,Operations,US,Great Goblin,1/6/2015,4/6/2015,1/6/2015,2/5/2015,2/15/2015,345
873,Operations,US,Shamus,1/1/2015,4/1/2015,1/9/2015,3/5/2015,3/18/2015,346
874,Operations,US,Elrond,3/21/2015,6/19/2015,4/4/2015,4/18/2015,4/27/2015,347
875,Operations,US,Shamus,1/11/2015,4/11/2015,1/15/2015,2/25/2015,3/4/2015,348
876,Operations,US,Smaug,1/4/2015,4/4/2015,1/7/2015,2/23/2015,3/8/2015,349
877,Operations,US,Elrond,3/7/2015,6/5/2015,3/12/2015,4/13/2015,4/23/2015,350
878,Operations,US,Bilbo,1/3/2015,4/3/2015,1/6/2015,3/13/2015,3/23/2015,351
879,Operations,US,Jerry,2/8/2015,5/9/2015,2/24/2015,5/5/2015,5/17/2015,352
880,Operations,US,Shamus,2/8/2015,5/9/2015,2/17/2015,4/18/2015,4/26/2015,353
881,Operations,US,Gandalf,1/1/2015,4/1/2015,1/7/2015,3/19/2015,3/26/2015,354
882,Operations,US,Balin,2/4/2015,5/5/2015,2/7/2015,4/28/2015,5/9/2015,355
883,Operations,US,Balin,1/4/2015,4/4/2015,1/23/2015,3/13/2015,3/27/2015,356
884,Operations,US,Bill,1/20/2015,4/20/2015,1/27/2015,4/2/2015,4/10/2015,357
885,Operations,US,Jerry,7/13/2015,10/11/2015,,,,
886,Operations,US,Elrond,9/19/2015,12/18/2015,,,,
887,Operations,US,Jerry,7/30/2015,10/28/2015,,,,
888,Operations,US,Smaug,7/25/2015,10/23/2015,,,,
889,Operations,US,Bill,8/19/2015,11/17/2015,,,,
890,Operations,US,Great Goblin,7/13/2015,10/11/2015,,,,
891,Operations,US,Great Goblin,8/10/2015,11/8/2015,,,,
892,Operations,US,Balin,8/6/2015,11/4/2015,,,,
893,Operations,US,Jerry,7/23/2015,10/21/2015,,,,
894,Operations,US,Balin,7/19/2015,10/17/2015,,,,
895,Operations,US,Bill,8/12/2015,11/10/2015,,,,
896,Operations,US,Elrond,8/1/2015,10/30/2015,,,,
897,Operations,US,Jerry,9/9/2015,12/8/2015,,,,
898,Operations,US,Great Goblin,8/9/2015,11/7/2015,,,,
899,Operations,US,Bill,7/4/2015,10/2/2015,,,,
900,Operations,US,Great Goblin,9/12/2015,12/11/2015,,,,
901,Operations,DZ,Smaug,10/15/2014,1/13/2015,10/24/2014,1/8/2015,1/18/2015,358
902,Operations,DZ,Balin,12/4/2014,3/4/2015,12/16/2014,1/25/2015,2/7/2015,359
903,Operations,DZ,Balin,11/11/2014,2/9/2015,11/16/2014,12/11/2014,12/20/2014,360
904,Operations,DZ,Great Goblin,12/17/2014,3/17/2015,12/26/2014,2/3/2015,2/12/2015,361
905,Operations,DZ,Shamus,12/20/2014,3/20/2015,12/23/2014,3/29/2015,4/6/2015,362
906,Operations,DZ,Great Goblin,12/14/2014,3/14/2015,1/2/2015,1/13/2015,1/26/2015,363
907,Operations,DZ,Jerry,11/9/2014,2/7/2015,11/24/2014,2/16/2015,3/2/2015,364
908,Operations,DZ,Shamus,12/5/2014,3/5/2015,12/8/2014,1/15/2015,1/25/2015,365
909,Operations,DZ,Balin,11/16/2014,2/14/2015,11/19/2014,2/9/2015,2/17/2015,366
910,Operations,DZ,Bifur,4/11/2015,7/10/2015,4/24/2015,,,
911,Operations,DZ,Bill,5/21/2015,8/19/2015,,,,
912,Operations,DZ,Jerry,6/2/2015,8/31/2015,,,,
913,Operations,DZ,Bilbo,5/26/2015,8/24/2015,,,,
914,Operations,DZ,Jerry,4/12/2015,7/11/2015,4/24/2015,,,
915,Operations,DZ,Jerry,4/17/2015,7/16/2015,4/29/2015,,,
916,Operations,DZ,Smaug,6/4/2015,9/2/2015,,,,
917,Operations,DZ,Shamus,4/21/2015,7/20/2015,4/30/2015,,,
918,Operations,DZ,Shamus,4/28/2015,7/27/2015,5/16/2015,,,
919,Operations,DZ,Balin,5/13/2015,8/11/2015,,,,
920,Operations,DZ,Gandalf,5/26/2015,8/24/2015,,,,
921,Operations,DZ,Jerry,4/23/2015,7/22/2015,5/1/2015,,,
922,Operations,DZ,Thorin Oakenshield,2/7/2015,5/8/2015,2/17/2015,4/29/2015,5/11/2015,367
923,Operations,DZ,Shamus,1/24/2015,4/24/2015,1/29/2015,4/2/2015,4/9/2015,368
924,Operations,DZ,Jerry,1/3/2015,4/3/2015,1/6/2015,3/7/2015,3/18/2015,369
925,Operations,DZ,Smaug,2/5/2015,5/6/2015,2/20/2015,5/8/2015,5/19/2015,370
926,Operations,DZ,Shamus,1/1/2015,4/1/2015,1/16/2015,3/19/2015,3/30/2015,371
927,Operations,DZ,Gandalf,2/23/2015,5/24/2015,2/23/2015,4/24/2015,5/7/2015,372
928,Operations,DZ,Elrond,2/27/2015,5/28/2015,3/8/2015,5/16/2015,,
929,Operations,DZ,Balin,3/9/2015,6/7/2015,3/15/2015,3/31/2015,4/9/2015,373
930,Operations,DZ,Thorin Oakenshield,2/25/2015,5/26/2015,3/4/2015,4/18/2015,4/30/2015,374
931,Operations,DZ,Bill,1/25/2015,4/25/2015,1/27/2015,4/18/2015,4/29/2015,375
932,Operations,DZ,Jerry,1/10/2015,4/10/2015,1/26/2015,2/20/2015,2/28/2015,376
933,Operations,DZ,Bilbo,3/5/2015,6/3/2015,3/12/2015,,,
934,Operations,DZ,Thorin Oakenshield,2/4/2015,5/5/2015,2/12/2015,5/2/2015,5/16/2015,377
935,Operations,DZ,Bilbo,8/24/2015,11/22/2015,,,,
936,Operations,DZ,Smaug,7/4/2015,10/2/2015,,,,
937,Operations,DZ,Gandalf,8/29/2015,11/27/2015,,,,
938,Operations,DZ,Jerry,7/3/2015,10/1/2015,,,,
939,Operations,DZ,Gandalf,8/5/2015,11/3/2015,,,,
940,Operations,DZ,Gandalf,9/17/2015,12/16/2015,,,,
941,Operations,DZ,Gandalf,9/10/2015,12/9/2015,,,,
942,Operations,DZ,Bifur,8/25/2015,11/23/2015,,,,
943,Operations,DZ,Elrond,8/29/2015,11/27/2015,,,,
944,Operations,DZ,Jerry,7/24/2015,10/22/2015,,,,
945,Operations,DZ,Gandalf,8/10/2015,11/8/2015,,,,
946,Operations,DZ,Bilbo,9/10/2015,12/9/2015,,,,
947,Operations,DZ,Smaug,8/19/2015,11/17/2015,,,,
948,Operations,DZ,Bill,7/4/2015,10/2/2015,,,,
949,Operations,DZ,Bifur,7/26/2015,10/24/2015,,,,
950,Operations,DZ,Elrond,9/8/2015,12/7/2015,,,,
951,Operations,GF,Bifur,10/6/2014,1/4/2015,10/8/2014,11/29/2014,12/13/2014,378
952,Operations,GF,Shamus,11/11/2014,2/9/2015,11/18/2014,1/5/2015,1/18/2015,379
953,Operations,GF,Thorin Oakenshield,12/10/2014,3/10/2015,12/20/2014,2/7/2015,2/21/2015,380
954,Operations,GF,Jerry,10/23/2014,1/21/2015,11/1/2014,11/11/2014,11/24/2014,381
955,Operations,GF,Smaug,10/28/2014,1/26/2015,10/31/2014,1/31/2015,2/12/2015,382
956,Operations,GF,Bill,11/10/2014,2/8/2015,11/21/2014,12/2/2014,12/14/2014,383
957,Operations,GF,Bifur,12/9/2014,3/9/2015,12/22/2014,3/5/2015,3/13/2015,384
958,Operations,GF,Bifur,11/3/2014,2/1/2015,11/5/2014,12/21/2014,12/28/2014,385
959,Operations,GF,Bilbo,10/28/2014,1/26/2015,11/15/2014,1/6/2015,1/17/2015,386
960,Operations,GF,Thorin Oakenshield,4/5/2015,7/4/2015,4/21/2015,,,
961,Operations,GF,Shamus,5/21/2015,8/19/2015,,,,
962,Operations,GF,Shamus,5/6/2015,8/4/2015,,,,
963,Operations,GF,Bifur,6/3/2015,9/1/2015,,,,
964,Operations,GF,Jerry,5/17/2015,8/15/2015,,,,
965,Operations,GF,Elrond,5/31/2015,8/29/2015,,,,
966,Operations,GF,Bill,4/3/2015,7/2/2015,4/8/2015,,,
967,Operations,GF,Thorin Oakenshield,5/10/2015,8/8/2015,5/11/2015,,,
968,Operations,GF,Bilbo,6/15/2015,9/13/2015,,,,
969,Operations,GF,Balin,6/10/2015,9/8/2015,,,,
970,Operations,GF,Thorin Oakenshield,4/19/2015,7/18/2015,4/27/2015,5/7/2015,5/14/2015,387
971,Operations,GF,Balin,6/7/2015,9/5/2015,,,,
972,Operations,GF,Bifur,1/25/2015,4/25/2015,1/25/2015,2/17/2015,2/25/2015,388
973,Operations,GF,Balin,1/18/2015,4/18/2015,1/26/2015,3/24/2015,3/31/2015,389
974,Operations,GF,Smaug,3/20/2015,6/18/2015,3/31/2015,4/30/2015,5/11/2015,390
975,Operations,GF,Bifur,1/22/2015,4/22/2015,1/22/2015,4/23/2015,5/1/2015,391
976,Operations,GF,Jerry,3/12/2015,6/10/2015,3/31/2015,,,
977,Operations,GF,Jerry,2/17/2015,5/18/2015,2/18/2015,4/7/2015,4/18/2015,392
978,Operations,GF,Balin,1/19/2015,4/19/2015,1/31/2015,4/14/2015,4/28/2015,393
979,Operations,GF,Thorin Oakenshield,3/3/2015,6/1/2015,3/15/2015,4/30/2015,5/11/2015,394
980,Operations,GF,Bill,1/20/2015,4/20/2015,1/24/2015,3/17/2015,3/31/2015,395
981,Operations,GF,Bill,3/5/2015,6/3/2015,3/9/2015,3/24/2015,4/1/2015,396
982,Operations,GF,Gandalf,3/1/2015,5/30/2015,3/19/2015,,,
983,Operations,GF,Bill,3/7/2015,6/5/2015,3/12/2015,3/30/2015,4/13/2015,397
984,Operations,GF,Shamus,2/7/2015,5/8/2015,2/26/2015,3/11/2015,3/21/2015,398
985,Operations,GF,Shamus,7/17/2015,10/15/2015,,,,
986,Operations,GF,Jerry,9/2/2015,12/1/2015,,,,
987,Operations,GF,Smaug,9/10/2015,12/9/2015,,,,
988,Operations,GF,Bill,8/29/2015,11/27/2015,,,,
989,Operations,GF,Jerry,7/17/2015,10/15/2015,,,,
990,Operations,GF,Smaug,9/20/2015,12/19/2015,,,,
991,Operations,GF,Balin,8/30/2015,11/28/2015,,,,
992,Operations,GF,Bilbo,8/20/2015,11/18/2015,,,,
993,Operations,GF,Elrond,9/7/2015,12/6/2015,,,,
994,Operations,GF,Balin,9/15/2015,12/14/2015,,,,
995,Operations,GF,Balin,9/12/2015,12/11/2015,,,,
996,Operations,GF,Shamus,9/3/2015,12/2/2015,,,,
997,Operations,GF,Great Goblin,8/28/2015,11/26/2015,,,,
998,Operations,GF,Elrond,7/22/2015,10/20/2015,,,,
999,Operations,GF,Bilbo,7/12/2015,10/10/2015,,,,
1000,Operations,GF,Smaug,9/3/2015,12/2/2015,,,,
